{
  "Login Test11" : {
    "transaction" : "Login Test11",
    "sampleCount" : 1,
    "errorCount" : 0,
    "errorPct" : 0.0,
    "meanResTime" : 506.0,
    "medianResTime" : 506.0,
    "minResTime" : 506.0,
    "maxResTime" : 506.0,
    "pct1ResTime" : 506.0,
    "pct2ResTime" : 506.0,
    "pct3ResTime" : 506.0,
    "throughput" : 1.976284584980237,
    "receivedKBytesPerSec" : 33.984760993083,
    "sentKBytesPerSec" : 0.22966588438735178
  },
  "Login Master" : {
    "transaction" : "Login Master",
    "sampleCount" : 1,
    "errorCount" : 0,
    "errorPct" : 0.0,
    "meanResTime" : 426.0,
    "medianResTime" : 426.0,
    "minResTime" : 426.0,
    "maxResTime" : 426.0,
    "pct1ResTime" : 426.0,
    "pct2ResTime" : 426.0,
    "pct3ResTime" : 426.0,
    "throughput" : 2.347417840375587,
    "receivedKBytesPerSec" : 40.47461854460094,
    "sentKBytesPerSec" : 0.2727956279342723
  },
  "Total" : {
    "transaction" : "Total",
    "sampleCount" : 4,
    "errorCount" : 0,
    "errorPct" : 0.0,
    "meanResTime" : 455.75,
    "medianResTime" : 445.5,
    "minResTime" : 426.0,
    "maxResTime" : 506.0,
    "pct1ResTime" : 506.0,
    "pct2ResTime" : 506.0,
    "pct3ResTime" : 506.0,
    "throughput" : 0.42625745950554134,
    "receivedKBytesPerSec" : 7.338996230285592,
    "sentKBytesPerSec" : 0.04953577898550725
  },
  "Login NewTest" : {
    "transaction" : "Login NewTest",
    "sampleCount" : 1,
    "errorCount" : 0,
    "errorPct" : 0.0,
    "meanResTime" : 440.0,
    "medianResTime" : 440.0,
    "minResTime" : 440.0,
    "maxResTime" : 440.0,
    "pct1ResTime" : 440.0,
    "pct2ResTime" : 440.0,
    "pct3ResTime" : 440.0,
    "throughput" : 2.2727272727272725,
    "receivedKBytesPerSec" : 39.14905894886363,
    "sentKBytesPerSec" : 0.26411576704545453
  },
  "Login Slave" : {
    "transaction" : "Login Slave",
    "sampleCount" : 1,
    "errorCount" : 0,
    "errorPct" : 0.0,
    "meanResTime" : 451.0,
    "medianResTime" : 451.0,
    "minResTime" : 451.0,
    "maxResTime" : 451.0,
    "pct1ResTime" : 451.0,
    "pct2ResTime" : 451.0,
    "pct3ResTime" : 451.0,
    "throughput" : 2.2172949002217295,
    "receivedKBytesPerSec" : 38.148731984478935,
    "sentKBytesPerSec" : 0.25767391906873616
  }
}