{
  "Login grafana" : {
    "transaction" : "Login grafana",
    "sampleCount" : 1,
    "errorCount" : 0,
    "errorPct" : 0.0,
    "meanResTime" : 301.0,
    "medianResTime" : 301.0,
    "minResTime" : 301.0,
    "maxResTime" : 301.0,
    "pct1ResTime" : 301.0,
    "pct2ResTime" : 301.0,
    "pct3ResTime" : 301.0,
    "throughput" : 3.3222591362126246,
    "receivedKBytesPerSec" : 56.660091362126245,
    "sentKBytesPerSec" : 0.38608284883720934
  },
  "Total" : {
    "transaction" : "Total",
    "sampleCount" : 4,
    "errorCount" : 0,
    "errorPct" : 0.0,
    "meanResTime" : 450.75,
    "medianResTime" : 329.0,
    "minResTime" : 301.0,
    "maxResTime" : 844.0,
    "pct1ResTime" : 844.0,
    "pct2ResTime" : 844.0,
    "pct3ResTime" : 844.0,
    "throughput" : 0.43802014892685065,
    "receivedKBytesPerSec" : 7.4705106356767415,
    "sentKBytesPerSec" : 0.050902732150678934
  },
  "Login admin" : {
    "transaction" : "Login admin",
    "sampleCount" : 1,
    "errorCount" : 0,
    "errorPct" : 0.0,
    "meanResTime" : 315.0,
    "medianResTime" : 315.0,
    "minResTime" : 315.0,
    "maxResTime" : 315.0,
    "pct1ResTime" : 315.0,
    "pct2ResTime" : 315.0,
    "pct3ResTime" : 315.0,
    "throughput" : 3.1746031746031744,
    "receivedKBytesPerSec" : 54.14496527777778,
    "sentKBytesPerSec" : 0.3689236111111111
  },
  "Login jmeter333" : {
    "transaction" : "Login jmeter333",
    "sampleCount" : 1,
    "errorCount" : 0,
    "errorPct" : 0.0,
    "meanResTime" : 844.0,
    "medianResTime" : 844.0,
    "minResTime" : 844.0,
    "maxResTime" : 844.0,
    "pct1ResTime" : 844.0,
    "pct2ResTime" : 844.0,
    "pct3ResTime" : 844.0,
    "throughput" : 1.1848341232227488,
    "receivedKBytesPerSec" : 20.22201755035545,
    "sentKBytesPerSec" : 0.13769068424170616
  },
  "Login docker" : {
    "transaction" : "Login docker",
    "sampleCount" : 1,
    "errorCount" : 0,
    "errorPct" : 0.0,
    "meanResTime" : 343.0,
    "medianResTime" : 343.0,
    "minResTime" : 343.0,
    "maxResTime" : 343.0,
    "pct1ResTime" : 343.0,
    "pct2ResTime" : 343.0,
    "pct3ResTime" : 343.0,
    "throughput" : 2.9154518950437316,
    "receivedKBytesPerSec" : 49.6879555393586,
    "sentKBytesPerSec" : 0.33880739795918363
  }
}