{
  "Login grafana" : {
    "transaction" : "Login grafana",
    "sampleCount" : 1,
    "errorCount" : 0,
    "errorPct" : 0.0,
    "meanResTime" : 533.0,
    "medianResTime" : 533.0,
    "minResTime" : 533.0,
    "maxResTime" : 533.0,
    "pct1ResTime" : 533.0,
    "pct2ResTime" : 533.0,
    "pct3ResTime" : 533.0,
    "throughput" : 1.876172607879925,
    "receivedKBytesPerSec" : 34.70919324577861,
    "sentKBytesPerSec" : 0.21803177767354595
  },
  "Total" : {
    "transaction" : "Total",
    "sampleCount" : 4,
    "errorCount" : 0,
    "errorPct" : 0.0,
    "meanResTime" : 572.5,
    "medianResTime" : 514.5,
    "minResTime" : 487.0,
    "maxResTime" : 774.0,
    "pct1ResTime" : 774.0,
    "pct2ResTime" : 774.0,
    "pct3ResTime" : 774.0,
    "throughput" : 0.4250797024442083,
    "receivedKBytesPerSec" : 7.883277430924548,
    "sentKBytesPerSec" : 0.04939891073326248
  },
  "Login admin" : {
    "transaction" : "Login admin",
    "sampleCount" : 1,
    "errorCount" : 0,
    "errorPct" : 0.0,
    "meanResTime" : 487.0,
    "medianResTime" : 487.0,
    "minResTime" : 487.0,
    "maxResTime" : 487.0,
    "pct1ResTime" : 487.0,
    "pct2ResTime" : 487.0,
    "pct3ResTime" : 487.0,
    "throughput" : 2.053388090349076,
    "receivedKBytesPerSec" : 38.07390592915811,
    "sentKBytesPerSec" : 0.23862615503080084
  },
  "Login jmeter333" : {
    "transaction" : "Login jmeter333",
    "sampleCount" : 1,
    "errorCount" : 0,
    "errorPct" : 0.0,
    "meanResTime" : 774.0,
    "medianResTime" : 774.0,
    "minResTime" : 774.0,
    "maxResTime" : 774.0,
    "pct1ResTime" : 774.0,
    "pct2ResTime" : 774.0,
    "pct3ResTime" : 774.0,
    "throughput" : 1.2919896640826873,
    "receivedKBytesPerSec" : 24.040596737726098,
    "sentKBytesPerSec" : 0.15014333010335917
  },
  "Login docker" : {
    "transaction" : "Login docker",
    "sampleCount" : 1,
    "errorCount" : 0,
    "errorPct" : 0.0,
    "meanResTime" : 496.0,
    "medianResTime" : 496.0,
    "minResTime" : 496.0,
    "maxResTime" : 496.0,
    "pct1ResTime" : 496.0,
    "pct2ResTime" : 496.0,
    "pct3ResTime" : 496.0,
    "throughput" : 2.0161290322580645,
    "receivedKBytesPerSec" : 37.36336000504032,
    "sentKBytesPerSec" : 0.2342962449596774
  }
}