{
  "Login grafana" : {
    "transaction" : "Login grafana",
    "sampleCount" : 1,
    "errorCount" : 0,
    "errorPct" : 0.0,
    "meanResTime" : 304.0,
    "medianResTime" : 304.0,
    "minResTime" : 304.0,
    "maxResTime" : 304.0,
    "pct1ResTime" : 304.0,
    "pct2ResTime" : 304.0,
    "pct3ResTime" : 304.0,
    "throughput" : 3.289473684210526,
    "receivedKBytesPerSec" : 56.23586554276316,
    "sentKBytesPerSec" : 0.38227282072368424
  },
  "Total" : {
    "transaction" : "Total",
    "sampleCount" : 4,
    "errorCount" : 0,
    "errorPct" : 0.0,
    "meanResTime" : 352.0,
    "medianResTime" : 304.5,
    "minResTime" : 303.0,
    "maxResTime" : 496.0,
    "pct1ResTime" : 496.0,
    "pct2ResTime" : 496.0,
    "pct3ResTime" : 496.0,
    "throughput" : 0.43308791684711995,
    "receivedKBytesPerSec" : 7.387765097174101,
    "sentKBytesPerSec" : 0.050329552836725855
  },
  "Login admin" : {
    "transaction" : "Login admin",
    "sampleCount" : 1,
    "errorCount" : 0,
    "errorPct" : 0.0,
    "meanResTime" : 303.0,
    "medianResTime" : 303.0,
    "minResTime" : 303.0,
    "maxResTime" : 303.0,
    "pct1ResTime" : 303.0,
    "pct2ResTime" : 303.0,
    "pct3ResTime" : 303.0,
    "throughput" : 3.3003300330033003,
    "receivedKBytesPerSec" : 56.20874587458746,
    "sentKBytesPerSec" : 0.38353444719471946
  },
  "Login jmeter" : {
    "transaction" : "Login jmeter",
    "sampleCount" : 1,
    "errorCount" : 0,
    "errorPct" : 0.0,
    "meanResTime" : 496.0,
    "medianResTime" : 496.0,
    "minResTime" : 496.0,
    "maxResTime" : 496.0,
    "pct1ResTime" : 496.0,
    "pct2ResTime" : 496.0,
    "pct3ResTime" : 496.0,
    "throughput" : 2.0161290322580645,
    "receivedKBytesPerSec" : 34.412014868951616,
    "sentKBytesPerSec" : 0.2342962449596774
  },
  "Login docker" : {
    "transaction" : "Login docker",
    "sampleCount" : 1,
    "errorCount" : 0,
    "errorPct" : 0.0,
    "meanResTime" : 305.0,
    "medianResTime" : 305.0,
    "minResTime" : 305.0,
    "maxResTime" : 305.0,
    "pct1ResTime" : 305.0,
    "pct2ResTime" : 305.0,
    "pct3ResTime" : 305.0,
    "throughput" : 3.278688524590164,
    "receivedKBytesPerSec" : 55.86257684426229,
    "sentKBytesPerSec" : 0.38101946721311475
  }
}