{
  "Login grafana" : {
    "transaction" : "Login grafana",
    "sampleCount" : 1,
    "errorCount" : 0,
    "errorPct" : 0.0,
    "meanResTime" : 304.0,
    "medianResTime" : 304.0,
    "minResTime" : 304.0,
    "maxResTime" : 304.0,
    "pct1ResTime" : 304.0,
    "pct2ResTime" : 304.0,
    "pct3ResTime" : 304.0,
    "throughput" : 3.289473684210526,
    "receivedKBytesPerSec" : 56.53140419407895,
    "sentKBytesPerSec" : 0.38227282072368424
  },
  "Total" : {
    "transaction" : "Total",
    "sampleCount" : 4,
    "errorCount" : 0,
    "errorPct" : 0.0,
    "meanResTime" : 372.75,
    "medianResTime" : 340.0,
    "minResTime" : 304.0,
    "maxResTime" : 507.0,
    "pct1ResTime" : 507.0,
    "pct2ResTime" : 507.0,
    "pct3ResTime" : 507.0,
    "throughput" : 0.4331348132106118,
    "receivedKBytesPerSec" : 7.440063278289118,
    "sentKBytesPerSec" : 0.05033500270709258
  },
  "Login admin" : {
    "transaction" : "Login admin",
    "sampleCount" : 1,
    "errorCount" : 0,
    "errorPct" : 0.0,
    "meanResTime" : 348.0,
    "medianResTime" : 348.0,
    "minResTime" : 348.0,
    "maxResTime" : 348.0,
    "pct1ResTime" : 348.0,
    "pct2ResTime" : 348.0,
    "pct3ResTime" : 348.0,
    "throughput" : 2.8735632183908044,
    "receivedKBytesPerSec" : 49.31360003591954,
    "sentKBytesPerSec" : 0.33393947557471265
  },
  "Login jmeter" : {
    "transaction" : "Login jmeter",
    "sampleCount" : 1,
    "errorCount" : 0,
    "errorPct" : 0.0,
    "meanResTime" : 507.0,
    "medianResTime" : 507.0,
    "minResTime" : 507.0,
    "maxResTime" : 507.0,
    "pct1ResTime" : 507.0,
    "pct2ResTime" : 507.0,
    "pct3ResTime" : 507.0,
    "throughput" : 1.9723865877712032,
    "receivedKBytesPerSec" : 33.89846831854043,
    "sentKBytesPerSec" : 0.22921289447731755
  },
  "Login docker" : {
    "transaction" : "Login docker",
    "sampleCount" : 1,
    "errorCount" : 0,
    "errorPct" : 0.0,
    "meanResTime" : 332.0,
    "medianResTime" : 332.0,
    "minResTime" : 332.0,
    "maxResTime" : 332.0,
    "pct1ResTime" : 332.0,
    "pct2ResTime" : 332.0,
    "pct3ResTime" : 332.0,
    "throughput" : 3.0120481927710845,
    "receivedKBytesPerSec" : 51.73428087349397,
    "sentKBytesPerSec" : 0.3500329442771084
  }
}