{
  "Login grafana" : {
    "transaction" : "Login grafana",
    "sampleCount" : 1,
    "errorCount" : 0,
    "errorPct" : 0.0,
    "meanResTime" : 312.0,
    "medianResTime" : 312.0,
    "minResTime" : 312.0,
    "maxResTime" : 312.0,
    "pct1ResTime" : 312.0,
    "pct2ResTime" : 312.0,
    "pct3ResTime" : 312.0,
    "throughput" : 3.205128205128205,
    "receivedKBytesPerSec" : 54.85652043269231,
    "sentKBytesPerSec" : 0.372470953525641
  },
  "Total" : {
    "transaction" : "Total",
    "sampleCount" : 4,
    "errorCount" : 0,
    "errorPct" : 0.0,
    "meanResTime" : 339.0,
    "medianResTime" : 315.0,
    "minResTime" : 312.0,
    "maxResTime" : 414.0,
    "pct1ResTime" : 414.0,
    "pct2ResTime" : 414.0,
    "pct3ResTime" : 414.0,
    "throughput" : 0.4317789291882556,
    "receivedKBytesPerSec" : 7.371339155602332,
    "sentKBytesPerSec" : 0.0501774341537133
  },
  "Login admin" : {
    "transaction" : "Login admin",
    "sampleCount" : 1,
    "errorCount" : 0,
    "errorPct" : 0.0,
    "meanResTime" : 314.0,
    "medianResTime" : 314.0,
    "minResTime" : 314.0,
    "maxResTime" : 314.0,
    "pct1ResTime" : 314.0,
    "pct2ResTime" : 314.0,
    "pct3ResTime" : 314.0,
    "throughput" : 3.1847133757961785,
    "receivedKBytesPerSec" : 54.23342953821656,
    "sentKBytesPerSec" : 0.3700985270700637
  },
  "Login jmeter" : {
    "transaction" : "Login jmeter",
    "sampleCount" : 1,
    "errorCount" : 0,
    "errorPct" : 0.0,
    "meanResTime" : 414.0,
    "medianResTime" : 414.0,
    "minResTime" : 414.0,
    "maxResTime" : 414.0,
    "pct1ResTime" : 414.0,
    "pct2ResTime" : 414.0,
    "pct3ResTime" : 414.0,
    "throughput" : 2.4154589371980677,
    "receivedKBytesPerSec" : 41.17366772342995,
    "sentKBytesPerSec" : 0.28070274758454106
  },
  "Login docker" : {
    "transaction" : "Login docker",
    "sampleCount" : 1,
    "errorCount" : 0,
    "errorPct" : 0.0,
    "meanResTime" : 316.0,
    "medianResTime" : 316.0,
    "minResTime" : 316.0,
    "maxResTime" : 316.0,
    "pct1ResTime" : 316.0,
    "pct2ResTime" : 316.0,
    "pct3ResTime" : 316.0,
    "throughput" : 3.1645569620253164,
    "receivedKBytesPerSec" : 54.10650712025316,
    "sentKBytesPerSec" : 0.36775613132911394
  }
}