{
  "Login Test11" : {
    "transaction" : "Login Test11",
    "sampleCount" : 1,
    "errorCount" : 0,
    "errorPct" : 0.0,
    "meanResTime" : 560.0,
    "medianResTime" : 560.0,
    "minResTime" : 560.0,
    "maxResTime" : 560.0,
    "pct1ResTime" : 560.0,
    "pct2ResTime" : 560.0,
    "pct3ResTime" : 560.0,
    "throughput" : 1.7857142857142856,
    "receivedKBytesPerSec" : 30.78962053571428,
    "sentKBytesPerSec" : 0.20751953124999997
  },
  "Login Master" : {
    "transaction" : "Login Master",
    "sampleCount" : 1,
    "errorCount" : 0,
    "errorPct" : 0.0,
    "meanResTime" : 471.0,
    "medianResTime" : 471.0,
    "minResTime" : 471.0,
    "maxResTime" : 471.0,
    "pct1ResTime" : 471.0,
    "pct2ResTime" : 471.0,
    "pct3ResTime" : 471.0,
    "throughput" : 2.1231422505307855,
    "receivedKBytesPerSec" : 36.55163548301486,
    "sentKBytesPerSec" : 0.24673235138004249
  },
  "Total" : {
    "transaction" : "Total",
    "sampleCount" : 4,
    "errorCount" : 0,
    "errorPct" : 0.0,
    "meanResTime" : 503.5,
    "medianResTime" : 491.5,
    "minResTime" : 471.0,
    "maxResTime" : 560.0,
    "pct1ResTime" : 560.0,
    "pct2ResTime" : 560.0,
    "pct3ResTime" : 560.0,
    "throughput" : 0.42517006802721086,
    "receivedKBytesPerSec" : 7.317990672831633,
    "sentKBytesPerSec" : 0.04940941220238095
  },
  "Login NewTest" : {
    "transaction" : "Login NewTest",
    "sampleCount" : 1,
    "errorCount" : 0,
    "errorPct" : 0.0,
    "meanResTime" : 492.0,
    "medianResTime" : 492.0,
    "minResTime" : 492.0,
    "maxResTime" : 492.0,
    "pct1ResTime" : 492.0,
    "pct2ResTime" : 492.0,
    "pct3ResTime" : 492.0,
    "throughput" : 2.032520325203252,
    "receivedKBytesPerSec" : 34.9657012195122,
    "sentKBytesPerSec" : 0.2362010924796748
  },
  "Login Slave" : {
    "transaction" : "Login Slave",
    "sampleCount" : 1,
    "errorCount" : 0,
    "errorPct" : 0.0,
    "meanResTime" : 491.0,
    "medianResTime" : 491.0,
    "minResTime" : 491.0,
    "maxResTime" : 491.0,
    "pct1ResTime" : 491.0,
    "pct2ResTime" : 491.0,
    "pct3ResTime" : 491.0,
    "throughput" : 2.0366598778004072,
    "receivedKBytesPerSec" : 35.00310272403259,
    "sentKBytesPerSec" : 0.23668215376782079
  }
}