{
  "Login grafana" : {
    "transaction" : "Login grafana",
    "sampleCount" : 1,
    "errorCount" : 0,
    "errorPct" : 0.0,
    "meanResTime" : 384.0,
    "medianResTime" : 384.0,
    "minResTime" : 384.0,
    "maxResTime" : 384.0,
    "pct1ResTime" : 384.0,
    "pct2ResTime" : 384.0,
    "pct3ResTime" : 384.0,
    "throughput" : 2.6041666666666665,
    "receivedKBytesPerSec" : 44.403076171875,
    "sentKBytesPerSec" : 0.3026326497395833
  },
  "Total" : {
    "transaction" : "Total",
    "sampleCount" : 4,
    "errorCount" : 0,
    "errorPct" : 0.0,
    "meanResTime" : 399.0,
    "medianResTime" : 371.5,
    "minResTime" : 317.0,
    "maxResTime" : 536.0,
    "pct1ResTime" : 536.0,
    "pct2ResTime" : 536.0,
    "pct3ResTime" : 536.0,
    "throughput" : 0.43266630611141155,
    "receivedKBytesPerSec" : 7.376136594104922,
    "sentKBytesPerSec" : 0.05028055705786912
  },
  "Login admin" : {
    "transaction" : "Login admin",
    "sampleCount" : 1,
    "errorCount" : 0,
    "errorPct" : 0.0,
    "meanResTime" : 317.0,
    "medianResTime" : 317.0,
    "minResTime" : 317.0,
    "maxResTime" : 317.0,
    "pct1ResTime" : 317.0,
    "pct2ResTime" : 317.0,
    "pct3ResTime" : 317.0,
    "throughput" : 3.1545741324921135,
    "receivedKBytesPerSec" : 53.66780855678233,
    "sentKBytesPerSec" : 0.36659601735015773
  },
  "Login jmeter" : {
    "transaction" : "Login jmeter",
    "sampleCount" : 1,
    "errorCount" : 0,
    "errorPct" : 0.0,
    "meanResTime" : 536.0,
    "medianResTime" : 536.0,
    "minResTime" : 536.0,
    "maxResTime" : 536.0,
    "pct1ResTime" : 536.0,
    "pct2ResTime" : 536.0,
    "pct3ResTime" : 536.0,
    "throughput" : 1.8656716417910448,
    "receivedKBytesPerSec" : 31.85488572761194,
    "sentKBytesPerSec" : 0.21681145055970147
  },
  "Login docker" : {
    "transaction" : "Login docker",
    "sampleCount" : 1,
    "errorCount" : 0,
    "errorPct" : 0.0,
    "meanResTime" : 359.0,
    "medianResTime" : 359.0,
    "minResTime" : 359.0,
    "maxResTime" : 359.0,
    "pct1ResTime" : 359.0,
    "pct2ResTime" : 359.0,
    "pct3ResTime" : 359.0,
    "throughput" : 2.785515320334262,
    "receivedKBytesPerSec" : 47.506093314763234,
    "sentKBytesPerSec" : 0.3237073467966574
  }
}