{
  "Login grafana" : {
    "transaction" : "Login grafana",
    "sampleCount" : 1,
    "errorCount" : 0,
    "errorPct" : 0.0,
    "meanResTime" : 316.0,
    "medianResTime" : 316.0,
    "minResTime" : 316.0,
    "maxResTime" : 316.0,
    "pct1ResTime" : 316.0,
    "pct2ResTime" : 316.0,
    "pct3ResTime" : 316.0,
    "throughput" : 3.1645569620253164,
    "receivedKBytesPerSec" : 54.02306665348101,
    "sentKBytesPerSec" : 0.36775613132911394
  },
  "Total" : {
    "transaction" : "Total",
    "sampleCount" : 4,
    "errorCount" : 0,
    "errorPct" : 0.0,
    "meanResTime" : 399.0,
    "medianResTime" : 326.5,
    "minResTime" : 299.0,
    "maxResTime" : 644.0,
    "pct1ResTime" : 644.0,
    "pct2ResTime" : 644.0,
    "pct3ResTime" : 644.0,
    "throughput" : 0.4333694474539545,
    "receivedKBytesPerSec" : 7.383151069880823,
    "sentKBytesPerSec" : 0.05036226977248104
  },
  "Login admin" : {
    "transaction" : "Login admin",
    "sampleCount" : 1,
    "errorCount" : 0,
    "errorPct" : 0.0,
    "meanResTime" : 299.0,
    "medianResTime" : 299.0,
    "minResTime" : 299.0,
    "maxResTime" : 299.0,
    "pct1ResTime" : 299.0,
    "pct2ResTime" : 299.0,
    "pct3ResTime" : 299.0,
    "throughput" : 3.3444816053511706,
    "receivedKBytesPerSec" : 56.98683110367893,
    "sentKBytesPerSec" : 0.38866534280936454
  },
  "Login jmeter" : {
    "transaction" : "Login jmeter",
    "sampleCount" : 1,
    "errorCount" : 0,
    "errorPct" : 0.0,
    "meanResTime" : 644.0,
    "medianResTime" : 644.0,
    "minResTime" : 644.0,
    "maxResTime" : 644.0,
    "pct1ResTime" : 644.0,
    "pct2ResTime" : 644.0,
    "pct3ResTime" : 644.0,
    "throughput" : 1.5527950310559004,
    "receivedKBytesPerSec" : 26.376285908385093,
    "sentKBytesPerSec" : 0.1804517663043478
  },
  "Login docker" : {
    "transaction" : "Login docker",
    "sampleCount" : 1,
    "errorCount" : 0,
    "errorPct" : 0.0,
    "meanResTime" : 337.0,
    "medianResTime" : 337.0,
    "minResTime" : 337.0,
    "maxResTime" : 337.0,
    "pct1ResTime" : 337.0,
    "pct2ResTime" : 337.0,
    "pct3ResTime" : 337.0,
    "throughput" : 2.967359050445104,
    "receivedKBytesPerSec" : 50.59289224777448,
    "sentKBytesPerSec" : 0.3448395771513353
  }
}