{
  "Login Test11" : {
    "transaction" : "Login Test11",
    "sampleCount" : 1,
    "errorCount" : 0,
    "errorPct" : 0.0,
    "meanResTime" : 521.0,
    "medianResTime" : 521.0,
    "minResTime" : 521.0,
    "maxResTime" : 521.0,
    "pct1ResTime" : 521.0,
    "pct2ResTime" : 521.0,
    "pct3ResTime" : 521.0,
    "throughput" : 1.9193857965451055,
    "receivedKBytesPerSec" : 33.04567538387716,
    "sentKBytesPerSec" : 0.22305362284069097
  },
  "Login Master" : {
    "transaction" : "Login Master",
    "sampleCount" : 1,
    "errorCount" : 0,
    "errorPct" : 0.0,
    "meanResTime" : 442.0,
    "medianResTime" : 442.0,
    "minResTime" : 442.0,
    "maxResTime" : 442.0,
    "pct1ResTime" : 442.0,
    "pct2ResTime" : 442.0,
    "pct3ResTime" : 442.0,
    "throughput" : 2.2624434389140275,
    "receivedKBytesPerSec" : 39.00726456447964,
    "sentKBytesPerSec" : 0.2629206730769231
  },
  "Total" : {
    "transaction" : "Total",
    "sampleCount" : 4,
    "errorCount" : 0,
    "errorPct" : 0.0,
    "meanResTime" : 461.5,
    "medianResTime" : 451.5,
    "minResTime" : 422.0,
    "maxResTime" : 521.0,
    "pct1ResTime" : 521.0,
    "pct2ResTime" : 521.0,
    "pct3ResTime" : 521.0,
    "throughput" : 0.42771599657827203,
    "receivedKBytesPerSec" : 7.365987890290847,
    "sentKBytesPerSec" : 0.04970527694610778
  },
  "Login NewTest" : {
    "transaction" : "Login NewTest",
    "sampleCount" : 1,
    "errorCount" : 0,
    "errorPct" : 0.0,
    "meanResTime" : 422.0,
    "medianResTime" : 422.0,
    "minResTime" : 422.0,
    "maxResTime" : 422.0,
    "pct1ResTime" : 422.0,
    "pct2ResTime" : 422.0,
    "pct3ResTime" : 422.0,
    "throughput" : 2.3696682464454977,
    "receivedKBytesPerSec" : 40.78652621445498,
    "sentKBytesPerSec" : 0.2753813684834123
  },
  "Login Slave" : {
    "transaction" : "Login Slave",
    "sampleCount" : 1,
    "errorCount" : 0,
    "errorPct" : 0.0,
    "meanResTime" : 461.0,
    "medianResTime" : 461.0,
    "minResTime" : 461.0,
    "maxResTime" : 461.0,
    "pct1ResTime" : 461.0,
    "pct2ResTime" : 461.0,
    "pct3ResTime" : 461.0,
    "throughput" : 2.1691973969631237,
    "receivedKBytesPerSec" : 37.34663096529284,
    "sentKBytesPerSec" : 0.25208446312364424
  }
}