{
  "Login grafana" : {
    "transaction" : "Login grafana",
    "sampleCount" : 1,
    "errorCount" : 0,
    "errorPct" : 0.0,
    "meanResTime" : 317.0,
    "medianResTime" : 317.0,
    "minResTime" : 317.0,
    "maxResTime" : 317.0,
    "pct1ResTime" : 317.0,
    "pct2ResTime" : 317.0,
    "pct3ResTime" : 317.0,
    "throughput" : 3.1545741324921135,
    "receivedKBytesPerSec" : 53.7756309148265,
    "sentKBytesPerSec" : 0.36659601735015773
  },
  "Total" : {
    "transaction" : "Total",
    "sampleCount" : 4,
    "errorCount" : 0,
    "errorPct" : 0.0,
    "meanResTime" : 335.25,
    "medianResTime" : 312.0,
    "minResTime" : 304.0,
    "maxResTime" : 413.0,
    "pct1ResTime" : 413.0,
    "pct2ResTime" : 413.0,
    "pct3ResTime" : 413.0,
    "throughput" : 0.43266630611141155,
    "receivedKBytesPerSec" : 7.377192908328827,
    "sentKBytesPerSec" : 0.05028055705786912
  },
  "Login admin" : {
    "transaction" : "Login admin",
    "sampleCount" : 1,
    "errorCount" : 0,
    "errorPct" : 0.0,
    "meanResTime" : 307.0,
    "medianResTime" : 307.0,
    "minResTime" : 307.0,
    "maxResTime" : 307.0,
    "pct1ResTime" : 307.0,
    "pct2ResTime" : 307.0,
    "pct3ResTime" : 307.0,
    "throughput" : 3.257328990228013,
    "receivedKBytesPerSec" : 55.62907166123779,
    "sentKBytesPerSec" : 0.37853725570032576
  },
  "Login jmeter" : {
    "transaction" : "Login jmeter",
    "sampleCount" : 1,
    "errorCount" : 0,
    "errorPct" : 0.0,
    "meanResTime" : 413.0,
    "medianResTime" : 413.0,
    "minResTime" : 413.0,
    "maxResTime" : 413.0,
    "pct1ResTime" : 413.0,
    "pct2ResTime" : 413.0,
    "pct3ResTime" : 413.0,
    "throughput" : 2.4213075060532687,
    "receivedKBytesPerSec" : 41.2307997881356,
    "sentKBytesPerSec" : 0.2813824152542373
  },
  "Login docker" : {
    "transaction" : "Login docker",
    "sampleCount" : 1,
    "errorCount" : 0,
    "errorPct" : 0.0,
    "meanResTime" : 304.0,
    "medianResTime" : 304.0,
    "minResTime" : 304.0,
    "maxResTime" : 304.0,
    "pct1ResTime" : 304.0,
    "pct2ResTime" : 304.0,
    "pct3ResTime" : 304.0,
    "throughput" : 3.289473684210526,
    "receivedKBytesPerSec" : 56.08167146381579,
    "sentKBytesPerSec" : 0.38227282072368424
  }
}