{
  "Login Test11" : {
    "transaction" : "Login Test11",
    "sampleCount" : 1,
    "errorCount" : 0,
    "errorPct" : 0.0,
    "meanResTime" : 2154.0,
    "medianResTime" : 2154.0,
    "minResTime" : 2154.0,
    "maxResTime" : 2154.0,
    "pct1ResTime" : 2154.0,
    "pct2ResTime" : 2154.0,
    "pct3ResTime" : 2154.0,
    "throughput" : 0.46425255338904364,
    "receivedKBytesPerSec" : 7.988408194057568,
    "sentKBytesPerSec" : 0.05395122446610957
  },
  "Login grafana" : {
    "transaction" : "Login grafana",
    "sampleCount" : 1,
    "errorCount" : 0,
    "errorPct" : 0.0,
    "meanResTime" : 332.0,
    "medianResTime" : 332.0,
    "minResTime" : 332.0,
    "maxResTime" : 332.0,
    "pct1ResTime" : 332.0,
    "pct2ResTime" : 332.0,
    "pct3ResTime" : 332.0,
    "throughput" : 3.0120481927710845,
    "receivedKBytesPerSec" : 51.95488987198795,
    "sentKBytesPerSec" : 0.3500329442771084
  },
  "Login Master" : {
    "transaction" : "Login Master",
    "sampleCount" : 1,
    "errorCount" : 0,
    "errorPct" : 0.0,
    "meanResTime" : 394.0,
    "medianResTime" : 394.0,
    "minResTime" : 394.0,
    "maxResTime" : 394.0,
    "pct1ResTime" : 394.0,
    "pct2ResTime" : 394.0,
    "pct3ResTime" : 394.0,
    "throughput" : 2.5380710659898473,
    "receivedKBytesPerSec" : 43.682582487309645,
    "sentKBytesPerSec" : 0.29495161802030456
  },
  "Total" : {
    "transaction" : "Total",
    "sampleCount" : 8,
    "errorCount" : 0,
    "errorPct" : 0.0,
    "meanResTime" : 844.8749999999999,
    "medianResTime" : 423.0,
    "minResTime" : 324.0,
    "maxResTime" : 2170.0,
    "pct1ResTime" : 2170.0,
    "pct2ResTime" : 2170.0,
    "pct3ResTime" : 2170.0,
    "throughput" : 0.8914642299977714,
    "receivedKBytesPerSec" : 15.348920318419879,
    "sentKBytesPerSec" : 0.10359789391575663
  },
  "Login admin" : {
    "transaction" : "Login admin",
    "sampleCount" : 1,
    "errorCount" : 0,
    "errorPct" : 0.0,
    "meanResTime" : 390.0,
    "medianResTime" : 390.0,
    "minResTime" : 390.0,
    "maxResTime" : 390.0,
    "pct1ResTime" : 390.0,
    "pct2ResTime" : 390.0,
    "pct3ResTime" : 390.0,
    "throughput" : 2.5641025641025643,
    "receivedKBytesPerSec" : 44.03796073717949,
    "sentKBytesPerSec" : 0.29797676282051283
  },
  "Login NewTest" : {
    "transaction" : "Login NewTest",
    "sampleCount" : 1,
    "errorCount" : 0,
    "errorPct" : 0.0,
    "meanResTime" : 452.0,
    "medianResTime" : 452.0,
    "minResTime" : 452.0,
    "maxResTime" : 452.0,
    "pct1ResTime" : 452.0,
    "pct2ResTime" : 452.0,
    "pct3ResTime" : 452.0,
    "throughput" : 2.2123893805309733,
    "receivedKBytesPerSec" : 38.23285398230088,
    "sentKBytesPerSec" : 0.2571038440265487
  },
  "Login jmeter333" : {
    "transaction" : "Login jmeter333",
    "sampleCount" : 1,
    "errorCount" : 0,
    "errorPct" : 0.0,
    "meanResTime" : 2170.0,
    "medianResTime" : 2170.0,
    "minResTime" : 2170.0,
    "maxResTime" : 2170.0,
    "pct1ResTime" : 2170.0,
    "pct2ResTime" : 2170.0,
    "pct3ResTime" : 2170.0,
    "throughput" : 0.4608294930875576,
    "receivedKBytesPerSec" : 7.9254572292626735,
    "sentKBytesPerSec" : 0.05355342741935484
  },
  "Login docker" : {
    "transaction" : "Login docker",
    "sampleCount" : 1,
    "errorCount" : 0,
    "errorPct" : 0.0,
    "meanResTime" : 543.0,
    "medianResTime" : 543.0,
    "minResTime" : 543.0,
    "maxResTime" : 543.0,
    "pct1ResTime" : 543.0,
    "pct2ResTime" : 543.0,
    "pct3ResTime" : 543.0,
    "throughput" : 1.8416206261510129,
    "receivedKBytesPerSec" : 31.748172767034987,
    "sentKBytesPerSec" : 0.21401645948434622
  },
  "Login Slave" : {
    "transaction" : "Login Slave",
    "sampleCount" : 1,
    "errorCount" : 0,
    "errorPct" : 0.0,
    "meanResTime" : 324.0,
    "medianResTime" : 324.0,
    "minResTime" : 324.0,
    "maxResTime" : 324.0,
    "pct1ResTime" : 324.0,
    "pct2ResTime" : 324.0,
    "pct3ResTime" : 324.0,
    "throughput" : 3.0864197530864197,
    "receivedKBytesPerSec" : 53.026740933641975,
    "sentKBytesPerSec" : 0.35867573302469136
  }
}